{
  "backend": "sqlite",
  "base_commit": "23aa80f75bcc6f5f74415fefa3c63a2460d7b5ca",
  "geometric_mean_vs_sqlalchemy": 2.220165948675086,
  "geometric_mean_vs_sqlmodel": 2.334581135936586,
  "head_commit": "22327a66e3acdd27760b1fd0a53c621560cf1284",
  "profile": "ci",
  "rows": [
    {
      "case": "schema create/drop",
      "comparable": true,
      "head_vs_base": 1.0713237030662943,
      "head_vs_base_ci": [
        0.7618618363272524,
        1.1381520267910887
      ],
      "ormdantic_ms": 6.355587,
      "ormdantic_vs_sqlalchemy": 2.881492928977292,
      "ormdantic_vs_sqlalchemy_ci": [
        1.962521461402091,
        3.1057493583264684
      ],
      "ormdantic_vs_sqlmodel": 2.8032488580519788,
      "ormdantic_vs_sqlmodel_ci": [
        2.0568971180569307,
        3.0230819883073745
      ],
      "rows": 0,
      "sqlalchemy_ms": 18.313579,
      "sqlmodel_ms": 17.816292
    },
    {
      "case": "raw batch insert",
      "comparable": true,
      "head_vs_base": 1.022242638489406,
      "head_vs_base_ci": [
        0.9846737109917032,
        1.0438003321947622
      ],
      "ormdantic_ms": 80.613278,
      "ormdantic_vs_sqlalchemy": 1.6746020550113345,
      "ormdantic_vs_sqlalchemy_ci": [
        1.5652422321256323,
        1.98116583670264
      ],
      "ormdantic_vs_sqlmodel": 1.6484790508084786,
      "ormdantic_vs_sqlmodel_ci": [
        1.5890968337280234,
        1.6901141066931908
      ],
      "rows": 10000,
      "sqlalchemy_ms": 134.995161,
      "sqlmodel_ms": 132.8893
    },
    {
      "case": "orm insert models",
      "comparable": true,
      "head_vs_base": 1.047700827236044,
      "head_vs_base_ci": [
        0.987459010645677,
        1.0839842984042043
      ],
      "ormdantic_ms": 254.556969,
      "ormdantic_vs_sqlalchemy": 1.706653452492986,
      "ormdantic_vs_sqlalchemy_ci": [
        1.6265795190374637,
        1.7234069995418955
      ],
      "ormdantic_vs_sqlmodel": 2.6465774975502634,
      "ormdantic_vs_sqlmodel_ci": [
        2.6007171877775517,
        2.6670246519939225
      ],
      "rows": 10000,
      "sqlalchemy_ms": 434.44053,
      "sqlmodel_ms": 673.704746
    },
    {
      "case": "orm update filtered",
      "comparable": true,
      "head_vs_base": 0.8935385344681097,
      "head_vs_base_ci": [
        0.7315357436214036,
        1.0195179051664134
      ],
      "ormdantic_ms": 6.379172,
      "ormdantic_vs_sqlalchemy": 0.981139558550859,
      "ormdantic_vs_sqlalchemy_ci": [
        0.8003450984796835,
        1.130397158680489
      ],
      "ormdantic_vs_sqlmodel": 0.9946806576151264,
      "ormdantic_vs_sqlmodel_ci": [
        0.7974685908474453,
        1.1542562055266592
      ],
      "rows": 10000,
      "sqlalchemy_ms": 6.258858,
      "sqlmodel_ms": 6.345239
    },
    {
      "case": "orm upsert mixed",
      "comparable": true,
      "head_vs_base": 1.015050130247389,
      "head_vs_base_ci": [
        0.9476892042264766,
        1.0350180356554712
      ],
      "ormdantic_ms": 29.938412,
      "ormdantic_vs_sqlalchemy": 37.20897464434653,
      "ormdantic_vs_sqlalchemy_ci": [
        34.21255585137634,
        40.88386153881562
      ],
      "ormdantic_vs_sqlmodel": 38.85185279700205,
      "ormdantic_vs_sqlmodel_ci": [
        36.4596349524416,
        39.9233949065368
      ],
      "rows": 500,
      "sqlalchemy_ms": 1113.977613,
      "sqlmodel_ms": 1163.162776
    },
    {
      "case": "orm delete filtered",
      "comparable": true,
      "head_vs_base": 1.0263917352460854,
      "head_vs_base_ci": [
        0.9182977971833777,
        1.0558446681131421
      ],
      "ormdantic_ms": 5.995968,
      "ormdantic_vs_sqlalchemy": 1.2448018401699275,
      "ormdantic_vs_sqlalchemy_ci": [
        1.139327981253473,
        1.2764009012159776
      ],
      "ormdantic_vs_sqlmodel": 1.2242963938433293,
      "ormdantic_vs_sqlmodel_ci": [
        1.1404401895275174,
        1.252859572252669
      ],
      "rows": 10000,
      "sqlalchemy_ms": 7.463792,
      "sqlmodel_ms": 7.340842
    },
    {
      "case": "count all rows",
      "comparable": true,
      "head_vs_base": 1.0915508984282194,
      "head_vs_base_ci": [
        0.9272163475401652,
        1.275023923444976
      ],
      "ormdantic_ms": 0.399865,
      "ormdantic_vs_sqlalchemy": 3.550308229027296,
      "ormdantic_vs_sqlalchemy_ci": [
        3.030049106316682,
        3.880924629021989
      ],
      "ormdantic_vs_sqlmodel": 3.823985595138359,
      "ormdantic_vs_sqlmodel_ci": [
        3.127476296841444,
        4.113445322107779
      ],
      "rows": 10000,
      "sqlalchemy_ms": 1.419644,
      "sqlmodel_ms": 1.529078
    },
    {
      "case": "count equality filter",
      "comparable": true,
      "head_vs_base": 1.4207885637032283,
      "head_vs_base_ci": [
        1.2803032304657225,
        1.6382489997876304
      ],
      "ormdantic_ms": 0.409783,
      "ormdantic_vs_sqlalchemy": 4.126401046407489,
      "ormdantic_vs_sqlalchemy_ci": [
        3.6296061438737404,
        4.479529796406692
      ],
      "ormdantic_vs_sqlmodel": 3.9967494991251464,
      "ormdantic_vs_sqlmodel_ci": [
        3.536648788134996,
        4.200198223404203
      ],
      "rows": 10000,
      "sqlalchemy_ms": 1.690929,
      "sqlmodel_ms": 1.6378
    },
    {
      "case": "count range filter",
      "comparable": true,
      "head_vs_base": 1.4081967729488383,
      "head_vs_base_ci": [
        1.2890538674703709,
        1.468104841001161
      ],
      "ormdantic_ms": 0.507956,
      "ormdantic_vs_sqlalchemy": 3.645215333611573,
      "ormdantic_vs_sqlalchemy_ci": [
        3.3111959777867317,
        3.954125942938722
      ],
      "ormdantic_vs_sqlmodel": 3.4271334525037607,
      "ormdantic_vs_sqlmodel_ci": [
        3.3072212587129464,
        3.7487517961957186
      ],
      "rows": 10000,
      "sqlalchemy_ms": 1.851609,
      "sqlmodel_ms": 1.740833
    },
    {
      "case": "aggregate filtered rows",
      "comparable": true,
      "head_vs_base": 1.319551958992857,
      "head_vs_base_ci": [
        1.1496736912148358,
        1.3665151210481041
      ],
      "ormdantic_ms": 0.84278,
      "ormdantic_vs_sqlalchemy": 2.56681221671136,
      "ormdantic_vs_sqlalchemy_ci": [
        2.306207352992841,
        2.6832487712542643
      ],
      "ormdantic_vs_sqlmodel": 2.410740644058948,
      "ormdantic_vs_sqlmodel_ci": [
        2.228477462887683,
        2.598304957695333
      ],
      "rows": 10000,
      "sqlalchemy_ms": 2.163258,
      "sqlmodel_ms": 2.031724
    },
    {
      "case": "scalar projection read",
      "comparable": true,
      "head_vs_base": 1.4051496970142905,
      "head_vs_base_ci": [
        1.2676753099228726,
        1.791105869293742
      ],
      "ormdantic_ms": 1.603706,
      "ormdantic_vs_sqlalchemy": 2.2934746144243396,
      "ormdantic_vs_sqlalchemy_ci": [
        2.028867402124629,
        2.879312660955819
      ],
      "ormdantic_vs_sqlmodel": 2.1222892475304076,
      "ormdantic_vs_sqlmodel_ci": [
        2.0180134263551004,
        2.275507050603019
      ],
      "rows": 10000,
      "sqlalchemy_ms": 3.678059,
      "sqlmodel_ms": 3.403528
    },
    {
      "case": "batched primary-key lookup",
      "comparable": true,
      "head_vs_base": 1.0617145674625086,
      "head_vs_base_ci": [
        1.0150262967930832,
        1.1099557249890075
      ],
      "ormdantic_ms": 141.946389,
      "ormdantic_vs_sqlalchemy": 2.1152490747756882,
      "ormdantic_vs_sqlalchemy_ci": [
        2.050622891619295,
        2.2526810203790997
      ],
      "ormdantic_vs_sqlmodel": 2.166040440803323,
      "ormdantic_vs_sqlmodel_ci": [
        2.048803251841093,
        2.3328737444985252
      ],
      "rows": 500,
      "sqlalchemy_ms": 300.251968,
      "sqlmodel_ms": 307.461619
    },
    {
      "case": "paginated find_many",
      "comparable": true,
      "head_vs_base": 1.2705296553571572,